SampleCode,CSF1PO,CSF1PO,D13S317,D13S317,D16S539,D16S539,D18S51,D18S51,D19S433,D19S433,D21S11,D21S11,D2S1338,D2S1338,D3S1358,D3S1358,D5S818,D5S818,D7S820,D7S820,D8S1179,D8S1179,FGA,FGA,TH01,TH01,TPOX,TPOX,vWA,vWA
BC11352,11,13,13,13,8,12,13,15,13,13,28,30,17,20,14,17,10,11,10,12,13,14,24,24,6,9.3,8,8,17,17
GC03394,10,12,11,11,12,13,15,17,14,15,30,31,17,20,15,18,11,12,11,12,12,12,21,21,6,7,8,8,17,18
GT36864,10,12,11,11,11,12,14,19,13,14,31.2,32.2,19,25,15,16,9,12,8,12,13,13,19,21,7,9.3,9,11,16,18
GT36866,11,11,11,12,11,13,13,15,12,14,31.2,32.2,18,20,16,17,11,13,10,10,10,10,21,21,6,9.3,8,8,16,17
GT36875,11,11,11,12,11,13,14,17,12,14,28,28,24,25,14,16,12,13,10,11,12,13,20,24,8,9.3,8,8,16,19
GT36877,11,11,11,11,9,11,16,18,13,16.2,28,30,18,22,15,18,11,13,9,9,12,15,20,26,6,8,8,11,15,17
GT36878,10,12,11,13,8,11,13,17,13,15,30,32.2,17,18,15,18,9,11,9,12,11,13,19,23,9.3,9.3,8,11,16,19
GT36884,10,11,11,11,8,12,14,15,12,15,28,30,17,24,14,16,11,12,8,10,11,11,23,24,7,9.3,8,11,17,18
GT36885,10,11,11,12,11,13,14,17,13,13,28,29,23,23,18,18,11,12,8,9,11,13,19,21,6,7,8,11,18,19
GT36886,10,11,11,14,10,12,15,17,13,15,29,30,17,22,15,15,12,12,10,11,13,14,23,26,8,9.3,8,11,15,19
GT38065,10,12,11,14,11,14,15,16,14,14,29,31.2,19,25,14,16,11,13,12,12,13,13,22,23,7,9.3,8,8,14,17
GT38066,12,13,8,8,10,11,13,15,12,14,30,30,16,25,16,18,9,12,10,12,13,13,21,24,9,9,8,9,17,18
GT38067,12,13,11,12,8,14,18,18,13,14,29,30,23,26,16,18,11,12,9,10,11,11,22,24,7,9.3,8,8,15,16
GT38069,12,12,8,13,13,13,12,15,14,15,28,30,19,21,15,19,11,12,8,9,13,15,20,22,9.3,9.3,8,11,17,17
GT38070,12,13,13,14,12,13,13,15,12,13,30,31.2,18,20,16,18,11,13,10,13,12,14,20,21,9.3,9.3,8,8,17,18
GT38072,10,11,10,11,12,12,15,16,13,14,28,29,19,24,16,18,12,13,11,13,12,12,22,23,6,7,8,8,15,15
GT38073,12,12,12,13,10,12,15,17,12,14,28,32.2,17,18,16,18,11,11,10,11,13,15,21,22,9.3,9.3,11,11,14,21
GT38075,12,12,11,11,11,11,12,14,15,16.2,30,30,19,21,16,17,12,13,10,13,10,14,22,23,6,9.3,8,8,15,17
GT38076,9,11,8,12,11,11,13,13,13,15.2,32.2,32.2,23,25,14,15,11,12,8,10,13,15,20,22,6,9,8,11,15,18
GT38078,11,11,8,13,11,11,11,14,12,15,29,31.2,24,25,14,17,13,13,9,10,13,14,21,24,7,8,8,11,17,18
GT38081,12,13,11,11,12,12,14,17,14,14,28,31.2,23,23,15,16,12,13,9,12,10,10,23,24,6,6,8,11,16,17
GT38083,10,12,9,13,8,13,14,17,13.2,14,28,30,18,25,15,17,11,12,8,9,10,15,20,24,9.3,9.3,8,9,17,19
GT38086,10,12,12,12,9,11,11,15,13,14,29,31,20,24,16,17,9,12,12,12,12,13,19,20,6,7,8,10,14,15
GT38087,10,12,8,12,10,12,13,19,13,14,29,29,20,24,17,18,12,12,9,10,11,13,22,22.2,9.3,9.3,8,10,17,19
GT38089,10,11,11,12,11,13,14,15,13,15,29,31.2,17,23,16,18,11,12,9,10,13,13,21,22,7,9.3,8,9,14,16
GT38091,11,12,11,11,11,12,15,18,13,14,30,31,18,20,17,17,12,12,8,10,12,13,21,24,7,8,9,12,17,17
GT38092,11,12,9,11,10,11,13,16,13,14,29,31,17,19,15,16,10,13,9,12,12,13,18,23,9,9.3,8,8,15,16
GT38093,11,12,11,12,11,11,15,18,14,14,30,32.2,20,23,15,17,9,12,8,10,13,13,20,24,6,7,8,8,16,17
GT38094,10,11,11,14,12,13,13,17,13,13,31.2,33.2,20,26,14,15,11,11,9,12,13,15,24,26,6,8,8,10,14,16
GT38095,10,12,10,12,11,12,14,20,14,15,28,30,19,23,15,15,12,12,11,11,10,16,18,22,9.3,9.3,8,11,14,19
GT38097,12,12,11,13,9,11,15,15,14,14,29,30,21,25,17,18,12,12,8,11,10,13,20,23,6,9.3,8,8,16,17
GT38098,10,11,12,12,11,11,13,17,11,12,29,30,17,25,16,16,11,12,10,12,14,15,21,22,7,9.3,8,11,15,16
GT38100,12,12,11,12,10,13,15,16,16,16,28,30,17,23,17,17,11,13,10,12,10,16,21,24,7,9.3,8,9,16,17
GT38106,10,11,8,12,11,12,16,16,15,17,27,30,17,20,15,17,11,12,8,9,10,15,21,23,7,9.3,8,8,15,19
GT38107,11,12,8,8,11,12,13,15,13,14,28,31.2,19,20,14,16,12,12,10,12,10,14,24,24,8,9.3,8,9,14,15
GT38108,10,12,11,12,11,12,16,16,13,14,29,32.2,16,25,14,16,11,11,8,10,10,13,25,25,7,9.3,8,11,18,18
GT38114,10,12,9,11,8,13,13,16,13,13,30,30,20,23,17,17,11,14,12,13,13,14,23,25,9.3,9.3,8,8,17,19
GT38119,11,11,13,13,12,12,13,13,12,15,29,31.2,20,24,14,19,11,12,9,9,13,15,21,22,9.3,9.3,8,9,16,18
JA44327,10,12,9,11,10,12,14,15,12,14,31,31.2,18,20,15,16,12,12,8,10,13,14,22,24,9,11,8,11,16,16
JM28315,10,12,9,11,9,13,12,16,14,14,28,30,23,23,15,17,11,11,11,12,13,15,22,25,9.3,9.3,10,12,16,17
JT51178,10,13,10,12,12,13,12,13,14,14,28,30,19,24,15,15,12,12,9,13,10,14,21.2,26,9.3,9.3,8,8,17,18
JT51211,10,12,13,14,9,11,16,22,12,15,29,31,20,25,18,18,11,11,8,9,10,13,18,25,6,9.3,8,8,17,17
JT52345,12,13,11,13,11,12,15,17,14,16.2,30,32.2,18,20,14,17,12,13,11,12,13,16,23,24,6,6,8,12,15,15
JT52346,12,14,11,13,11,11,13,15,14,16,28,31,18,20,16,17,11,12,9,10,11,16,23,24,6,7,8,12,14,17
MT94803,11,13,11,12,11,12,14,18,13,13,28,32.2,17,17,16,17,11,13,8,10,14,15,23,25,9.3,9.3,8,9,14,18
MT94807,12,13,8,11,10,12,14,20,14,15.2,28,29,17,23,15,16,12,12,8,10,12,13,20,20,9.3,9.3,9,12,16,17
MT94815,10,11,9,12,12,13,13,14,14,16,29,30,17,19,15,18,11,11,10,12,10,15,21,23,6,9.3,8,8,15,16
MT94817,10,12,12,12,11,12,16,16,13,15,29,32.2,24,26,15,18,11,12,9,10,12,14,18,20,8,9.3,8,10,17,19
MT94818,10,10,8,9,11,11,13,20,14,14,29,30,20,26,17,17,11,12,9,10,12,15,22,22,6,9.3,8,9,16,18
MT94826,11,12,11,13,12,12,13,14,14,16,30,31,22,26,14,16,12,13,10,11,13,13,23,27,7,9,8,8,17,18
MT94827,11,13,11,13,12,12,15,18,14,15,29,30,20,24,16,17,10,13,9,10,13,13,24.2,25,7,9,11,11,19,20
MT94829,10,13,8,11,9,12,17,17,13,14,31.2,33.2,23,23,15,17,9,9,8,11,10,13,20,22,8,9.3,8,9,17,19
MT94831,10,10,11,11,12,13,16,17,13,14,30,32.2,20,20,15,17,11,12,8,12,13,14,22,25,6,7,8,11,17,19
MT94833,11,12,11,12,12,12,12,16,14,14,30,31,17,17,11,15,7,12,10,11,12,13,21,24,7,9.3,8,11,16,19
MT94834,10,10,9,11,11,12,13,15,14,14.2,28,29,17,24,15,16,9,11,8.1,9,8,11,21.2,22,7,8,9,11,16,19
MT94835,13,14,11,13,8,11,17,18,13,14.2,28,31.2,16,20,15,18,11,12,10,11,10,11,20,24,8,9.3,11,11,14,17
MT94838,11,12,11,11,10,13,12,18,12,13,29,31,20,24,17,19,9,13,8,8,8,12,20,24,9.3,9.3,8,8,17,18
MT94839,12,13,11,11,9,13,12,13,14,16.2,31.2,32.2,17,19,15,18,11,12,9,10,13,13,20,21,9,9,8,11,16,19
MT94842,11,11,8,11,12,12,11,12,13,14,27,29,17,23,15,16,12,12,9,12,13,16,22,22.2,8,10,8,8,17,19
MT94843,11,12,11,12,11,11,12,16,14,14,31.2,33.2,17,24,17,17,11,12,8,9,14,16,20,25,6,9,8,10,16,18
MT94846,11,12,11,11,9,12,16,21,14,14,30,30,17,24,15,16,11,12,9,11,13,13,20,25,7,9.3,8,11,17,19
MT94848,10,10,11,11,11,12,14,14,13,16,28,28,19,19,16,17,11,13,8,12,12,13,20,22.2,9,9.3,10,12,16,18
MT94850,11,12,11,11,11,12,14,16,13,14,28,31.2,18,23,14,15,10,11,11,12,8,10,19,19,6,7,8,9,17,18
MT94853,11,12,12,13,12,12,13,18,13,14,28,30,16,19,18,18,11,13,8,10,12,14,22,23,7,9.3,8,12,16,18
MT94855,9,10,11,11,10,14,13,17,13,14,29,30,24,24,15,15,11,12,10,10,13,14,19,21,9,10,8,11,18,19
MT94858,10,10,11,12,9,11,15,18,13,13,30.2,31.2,18,23,15,18,11,12,9,10,13,14,18,22,8,8,8,11,14,14
MT94859,10,13,9,11,9,12,13,17,13.2,14,29,30,19,23,16,17,11,13,9,11,11,11,20,26,6,9,8,11,18,18
MT94866,11,12,8,12,12,13,12,16,14,14,29.2,30,17,17,15,15,11,12,10,11,12,13,22,22.2,9.3,9.3,8,9,17,20
MT94868,12,12,9,11,9,12,12,17,14,14,27,32.2,20,25,16,17,11,11,8,11,12,14,20,23,9.3,9.3,8,11,14,16
MT94869,12,12,11,12,12,13,15,19,14,15,28,30,19,24,16,16,11,12,10,12,13,14,20,23,6,9,8,8,14,17
MT94875,9,10,11,12,12,12,14,16,14,15.2,29,32.2,19,23,16,18,11,12,8,9,8,13,18,25,6,6,8,12,16,19
MT94877,11,12,11,12,11,12,15,16,12,13,32.2,32.2,17,20,18,18,11,12,9,9,8,15,21,22.2,9,9.3,8,10,17,18
MT94880,12,12,11,12,11,12,16,16,12,13,28,29,20,25,14,14,11,12,10,11,12,14,22,23,7,9.3,11,11,15,17
MT94882,11,12,13,14,9,13,15,16,14,14,30,30.2,21,25,15,16,11,12,8,9,13,13,19,23,6,9.3,8,11,17,18
MT94883,12,12,10,12,12,12,15,20,12,13,30,31,21,25,16,16,11,11,10,13,10,11,23,24,7,9.3,8,11,17,18
MT94884,11,12,12,12,11,13,13,17,14,15,30,31.2,17,19,15,16,12,13,9,10,13,15,22,24,7,9.3,8,8,17,19
MT94886,12,13,12,13,9,12,12,15,13,13.2,31.2,31.2,20,24,15,15,9,12,10,11,12,12,22,24,6,9.3,9,11,15,19
MT94888,10,11,8,9,12,13,12,17,15.2,16,29.2,30.2,17,20,15,16,11,12,7,11,13,14,21,23,9.3,9.3,8,11,16,17
MT94892,11,12,9,11,9,12,15,15,13,13,29,32.2,16,17,14,15,9,12,9,9,13,15,22,22,6,9.3,9,11,18,19
MT94893,11,13,9,12,11,12,14,14,13,16,28,32.2,17,24,14,17,12,13,10,11,12,13,19,24,6,9,10,11,16,17
MT97121,10,12,10,11,11,14,13,19,14,14,30,30,17,17,15,17,11,12,11,12,10,14,22,23,7,8,8,9,16,17
MT97122,11,11,11,14,11,12,12,15,14,15,28,32.2,19,25,17,17,11,11,9,11,10,10,18,20,7,7,9,11,16,17
MT97123,11,12,11,11,12,13,15,18,13,13,29,30,17,24,17,18,10,12,8,8,10,12,23,24,9.3,9.3,10,11,14,17
MT97124,10,11,11,11,9,9,11,17,13,16,29,30,16,19,14,15,10,12,10,13,11,14,22,24,9.3,9.3,11,11,14,17
MT97125,11,12,8,11,12,13,14,16,14.2,15,30,30,18,25,14,15,12,12,12,12,10,11,23,25,7,9.3,8,11,17,18
MT97126,10,10,12,12,12,13,14,14,12,13,29,31,23,24,15,16,12,12,11,12,12,14,21,23,6,6,8,11,16,19
MT97131,12,12,12,14,10,11,11,16,14,15.2,30,33.2,23,25,16,18,11,13,8,12,10,12,22,23,7,9.3,8,8,16,18
MT97136,10,10,11,12,12,13,15,18,13,16,29,31,17,24,15,15,11,12,9,10,12,14,21,21,9,9,8,12,17,17
MT97139,10,12,11,12,9,12,17,19,15,15,29,30,21,24,15,17,11,11,10,12,11,13,22,24,9,9.3,8,11,16,18
MT97141,10,12,13,13,12,13,13,18,13,15,30,30,20,25,17,18,9,12,9,13,10,12,22,23.2,6,6,8,10,14,15
MT97145,10,10,12,14,11,11,19,19,14,14,31,33.2,18,25,17,18,9,13,10,11,12,14,21,24,6,9.3,8,9,18,18
MT97150,12,13,12,13,11,13,12,14,12,13,29,31,18,24,14,19,10,11,8,12,11,15,22,25,7,9.3,8,10,14,18
MT97152,11,11,8,10,11,13,12,16,13,14,28,33.2,17,23,16,18,12,13,9,9,11,13,22,22,7,9,11,11,17,18
MT97155,12,13,9,12,9,13,14,14,14,14,29,32.2,17,17,14,17,11,12,8,8,13,13,19,22,8,9.3,8,8,16,18
MT97156,11,13,12,12,12,14,18,19,14,14,32.2,33.2,19,24,16,17,12,13,10,13,12,13,22,27,9.3,9.3,8,11,16,18
MT97158,12,13,9,11,9,13,13,16,14,14,29,31.2,17,25,15,17,11,12,12,12,12,13,21,24,6,9.3,8,11,15,15
MT97159,11,12,12,13,11,11,15,19,14,15.2,30,34.2,18,22,14,20,9,12,9,12,11,13,21,25,6,7,8,8,15,16
MT97163,8,11,12,13,9,11,12,12,14,15,29,33.2,20,25,16,16,9,13,8,13,11,13,22,23,8,10,8,8,16,18
MT97164,10,12,11,11,11,13,15,19,13,14,29,30,18,19,15,16,12,12,10,10,11,12,23,24,6,8,5,8,17,18
MT97165,11,12,11,12,11,11,13,17,16,16,29,30,20,26,18,18,12,12,8,10,12,15,20,22,8,9.3,8,8,18,18
MT97166,11,13,12,12,11,11,14,17,14,14,29,30,17,20,16,16,11,13,9,12,14,14,19,24,6,9.3,8,8,16,18
MT97167,12,13,12,12,12,13,15,15,11,14,31,32.2,17,21,15,16,12,13,10,12,10,14,18,22,7,7,11,12,15,17
MT97172,11,12,11,12,9,12,16,18,14,15.2,29,31,17,22,15,15,11,12,9,12,13,15,23,23,7,7,8,8,16,18
MT97173,10,14,12,12,11,12,14,15,13,15,29,30,20,21,15,15,12,13,7,11,13,16,21,22,7,9.3,11,11,16,16
MT97176,11,13,11,13,10,13,12,12,14,14,30,31,16,24,15,18,11,12,12,12,14,15,21,24,6,9.3,8,8,15,16
MT97177,10,13,11,12,9,11,12,16,13,13,28,29,16,17,14,16,12,13,11,11,14,15,22,23,7,9,8,9,14,16
MT97178,12,13,10,12,11,11,15,17,15,15.2,30,30,24,26,15,16,12,13,9,11,9,13,18,23,9.3,9.3,8,11,17,18
MT97179,11,12,9,10,9,11,14,16,12,12,32.2,32.2,23,25,15,15,12,12,11,11,13,14,20,21,7,9.3,8,11,17,17
MT97180,10,12,9,11,9,12,14,17,14,14,30,30,20,24,15,18,12,13,11,11,12,12,22,25,7,9.3,8,8,15,19
MT97184,10,11,9,11,9,11,13,16,12,13,28,30,20,21,14,15,12,13,12,12,12,13,22,23,8,9.3,8,11,17,18
MT97185,10,11,8,12,13,13,13,20,13,15,33,33.2,20,20,14,17,11,12,11,12,10,14,21,22,6,9.3,8,11,16,19
MT97186,11,12,8,13,12,12,13,16,14,15,30,30,18,18,15,17,12,12,10,11,12,13,20,20,6,9.3,8,11,14,15
MT97187,10,12,11,12,12,13,15,16,12,15,28,30,19,23,15,17,11,13,8,11,8,15,22,22,9.3,9.3,8,8,16,17
MT97188,11,12,8,11,11,12,13,14,13,16,28,30,17,23,16,16,11,13,9,10,12,13,21,22,7,9,11,11,17,17
MT97189,10,12,10,12,12,12,12,16,13,13,30,30,20,25,16,16,11,12,11,12,10,14,20,22,6,6,8,11,16,17
MT97192,12,12,11,11,11,12,17,21,13,15,28,29,20,24,15,15,11,13,8,10,11,13,19,21,9.3,9.3,8,9,18,19
MT97195,12,12,9,12,12,12,13,18,13,14.2,30,30.2,25,25,16,18,12,13,10,10,12,13,22,23,8,9.3,8,11,16,19
MT97196,10,11,12,12,9,12,13,16,13,16,28,30.2,20,25,15,18,11,13,9,12,13,16,20,20,9.3,9.3,8,8,14,18
MT97199,11,11,11,12,11,12,15,15,14,14,28,30,19,19,17,17,11,11,10,11,14,15,21,25,6,9.3,9,11,16,16
MT97200,10,12,11,11,12,12,16,18,14,15,30,30,19,24,14,17,12,13,10,12,13,13,21,22,9,9.3,8,8,16,17
OT07753,10,13,10,11,8,13,10,13,12,13,28,31,17,20,16,17,10,11,9,13,13,15,22.2,23,6,9,8,10,17,17
OT07760,10,11,11,11,9,14,17,18,13,17.2,29,30,17,24,16,18,12,12,7,10,10,11,23,24,6,7,8,11,16,17
OT07767,12,13,8,11,11,12,16,19,13,14,28,30,20,24,16,17,11,12,11,12,11,16,18,26,6,9.3,8,9,16,17
OT07776,12,12,11,13,11,12,13,15,13,14,30,31,17,23,16,17,11,13,8,10,10,15,22,24,7,7,8,9,15,16
OT07785,11,12,11,11,9,9,12,16,13,14,30,30.2,17,17,15,18,11,13,12,12,10,12,20,23,6,7,8,8,16,17
OT07803,10,11,12,13,12,13,12,17,14,14,29,30,19,26,14,18,12,12,11,12,13,16,21,24,8,9,10,11,17,18
PT83505,11,11,8,8,10,14,12,14,13,15.2,28,33.2,23,24,16,17,11,12,11,12,14,14,20,24,8,9.3,8,11,15,16
PT83535,12,13,12,13,11,12,15,16,13,15,27,32.2,19,23,14,15,11,12,7,8,13,13,20,20,7,9.3,8,10,14,14
PT83538,10,10,8,8,11,12,15,17,14,14,30,32.2,16,17,16,18,11,13,9,10,13,14,24,24,8,9.3,8,11,18,18
PT86478,10,11,9,14,12,12,12,18,14,17,28,29,25,25,16,18,10,11,8,8,10,12,19,21,6,9.3,8,8,15,15
PT86536,10,12,10,13,10,12,14,15,13,14,30,32.2,17,20,15,17,10,11,12,13,11,13,22,25,6,9.3,8,8,14,17
TT50697,12,12,8,9,12,12,14,15,14,14,31,34.2,23,24,14,18,11,13,8,8,12,15,21,21,9.3,9.3,8,8,16,18
TT50698,12,12,8,11,11,12,14,14,13,14,30,31.2,16,19,15,15,11,11,10,10,12,13,24,25,8,9,8,11,16,17
TT50700,10,11,12,12,12,12,10,12,13,14,31,31.2,20,21,16,17,8,12,10,10,14,15,21,24,9.3,9.3,8,10,16,16
TT50701,10,11,10,11,11,13,14,19,14,15,29,30,19,22,14,16,12,13,10,11,10,13,21,24,6,9.3,11,12,14,17
TT50705,11,12,11,11,11,12,17,17,14,14,31,31,18,23,17,17,11,12,8,11,12,14,21,22,6,9.3,8,11,17,17
TT50708,10,11,12,12,9,12,15,16,12,15,30,30.2,24,25,18,18,11,11,10,12,14,14,19,24,6,9.3,8,12,15,17
TT50720,8,12,8,12,11,11,16,19,14,14,30.2,31,23,24,14,18,11,12,9,11,13,13,22,23,7,9.3,8,8,15,17
TT50721,10,12,12,13,11,13,12,12,13,15,29,32,16,24,15,19,11,11,8,9,13,15,19,24,6,9.3,8,11,15,17
TT51669,11,12,9,9,11,13,13,15,14,15,29,30,20,25,15,17,11,12,8,11,11,12,24,26,6,7,8,11,14,17
TT51675,11,12,8,9,11,12,12,15,14,15,28,29,17,17,14,17,12,13,11,11,11,14,20,21,7,9.3,8,11,16,17
TT51676,12,12,12,12,11,12,15,16,14,14,30,30.2,17,22,16,16,13,13,11,12,11,14,23,25,6,7,8,11,16,16
TT51677,12,12,8,9,9,9,16,17,12,12,30,32.2,20,20,16,18,11,13,10,10,13,15,21,22,6,9,8,8,15,18
TT51679,10,12,12,13,13,13,12,15,12,15,30.2,31,17,26,14,16,11,12,11,11,13,16,20,22,6,9.3,8,8,15,17
TT51680,11,12,11,12,11,12,14,20,12,13,31.2,32.2,16,26,15,17,12,12,10,12,12,14,23,25,6,7,8,8,17,18
TT51682,11,11,10,10,12,12,14,15,12,14,29,32.2,17,18,14,19,11,12,9,11,10,13,21,24,6,9.3,8,8,17,19
TT51683,10,12,12,14,9,11,12,18,14,14,28,30,18,23,15,15,12,13,9,12,10,13,21,22,6,9,8,9,14,17
TT51684,12,12,8,9,12,12,13,15,14,15.2,28,30.2,17,23,15,18,12,12,8,8,14,14,19,21,7,7,8,11,14,18
TT51685,12,12,10,14,8,9,16,18,14,15,28,28,18,21,16,18,11,12,12,12,13,13,20,23,6,9.3,11,12,16,17
TT51689,10,12,8,12,9,12,12,14,14.2,15,28,29,17,19,15,17,11,11,10,12,13,13,22,22,6,7,11,11,16,18
TT51693,12,12,11,12,12,14,13,14,14,15,27,29,18,25,14,17,11,12,9,10,12,14,21,23,6,6,8,8,18,19
TT51694,11,11,11,12,11,12,13,18,15,15,30,30,18,19,15,17,11,13,8,11,13,14,20,23,6,7,8,8,15,18
TT51696,11,13,11,13,11,13,14,17,15,15,28,29,19,24,14,17,12,13,8,12,8,12,18,22,6,9.3,8,12,14,17
TT51698,11,11,9,12,11,12,16,17,14,14,29,30,19,20,15,17,12,12,10,11,13,13,23,24,9.3,9.3,9,11,16,17
TT51702,12,12,11,12,11,12,13,18,12,16.2,27,31,21,25,14,16,10,11,9,11,13,14,23,24,9,9.3,8,11,17,17
TT51703,11,12,9,12,11,11,14,19,13,14,29,30,21,25,15,18,12,13,9,9,14,14,20,21,9.3,9.3,8,11,15,18
UA16891,12,12,12,14,10,13,13,17,12,14,27,31.2,17,22,15,15,9,12,8,10,9,14,20,21,6,8,8,8,17,17
UA16894,11,11,11,11,11,11,14,19,13,15,28,28,17,25,15,17,11,11,8,11,10,14,20,21,7,9.3,8,11,17,18
UA16895,12,13,11,11,11,13,12,15,12,13,30,31,20,23,15,16,10,11,11,11,10,12,22,24,7,9,9,11,18,18
UA16896,11,13,8,13,11,12,12,21,12,13,29,31,20,24,15,17,11,12,10,10,13,13,21,24,6,7,8,9,17,18
UA16897,11,14,8,12,11,12,15,17,13,13,28,34.2,17,23,16,16,9,13,9,9,13,13,22,24,9.3,9.3,8,9,18,19
UA16899,11,12,11,12,12,13,14,17,14,14,28,29,24,24,15,17,11,11,10,11,10,13,18,21,5,7,11,11,15,18
UA16903,9,11,13,13,11,11,14.2,15,13,14.2,30,33.2,21,24,15,16,11,12,9,11,12,15,22,23,9,9,10,11,18,19
UA16908,10,12,12,12,9,12,14,17,13,14,28,30,17,25,15,17,11,12,9,10,13,13,22,23,6,9.3,8,9,16,17
UA16918,12,13,10,11,9,9,15,16,13,13,31,32.2,17,19,15,16,11,12,10,12,10,12,22,24,6,7,8,11,17,19
UA16924,12,12,11,12,11,12,13,15,12,14,30,30,17,23,16,18,12,12,9,9,13,14,22,23,7,9,8,9,17,19
UA16927,11,12,11,14,12,12,15,18,13,15,28,30,17,19,15,17,9,13,12,12,10,15,24,25,7,9.3,8,12,16,17
UA16928,11,11,9,12,11,12,15,18,13,16,29,31.2,17,20,15,16,9,12,10,10,12,13,23,25,7,7,8,8,14,19
UA16929,11,12,12,12,11,12,12,18,14,15,29,31.2,17,20,14,15,12,12,9,10,15,15,21,24,6,8,8,9,17,17
UC10177,10,11,8,9,9,14,12,13,13,14,27,32.2,17,22,15,17,11,12,11,12,12,13,21,21.2,9,9.3,8,8,14,17
UC10178,10,11,9,11,12,13,15,18,12,14,29,31.2,25,25,17,18,11,11,8,10,12,12,21,24,9.3,9.3,8,8,14,14
UT57281,12,12,10,11,11,11,16,19,14,15,29,32.2,18,23,15,16,11,12,10,11,10,15,21,24,8,8,8,11,16,18
UT57283,11,11,11,13,9,11,11,21,14,14,28,30,21,23,16,18,9,10,11,12,11,12,21,23,7,9.3,8,11,16,17
UT57286,10,10,10,14,12,12,15,20,13,15,28,28,16,19,17,18,11,12,10,10,10,12,22,25,6,9.3,8,9,17,17
UT57287,10,11,9,12,12,13,12,15,14,15,28,30,19,26,16,16,12,12,9,10,10,11,20,23,6,6,8,12,16,17
UT57288,10,11,9,11,11,12,15,18,14,14,29,31.2,19,25,16,17,12,12,10,12,13,13,19,22,8,9.3,8,9,15,18
UT57292,11,12,11,11,11,11,17,17,13,15,29,32,17,20,15,18,11,12,8,12,13,13,20,21,6,9,8,8,16,18
UT57293,11,13,12,14,11,12,12,14,15,15,29,29,17,21,16,16,9,11,10,12,14,15,20,25,9,9,9,11,15,17
UT57299,8,10,9,12,12,13,13,14,14.2,15,29,30,16,17,16,17,12,12,8,12,12,13,21,21,6,9.3,8,11,16,19
UT57300,10,12,8,12,9,12,10,13,12,13,28,28,17,20,15,16,12,12,8,13,10,15,20,21,9.3,9.3,8,9,15,19
UT57301,11,12,8,8,11,12,15,17,14,14,28,28,23,26,15,16,11,13,8,11,13,14,23,25,6,6,8,8,17,18
UT57302,10,12,11,12,11,11,14,17,14,16,28,29,17,20,15,17,11,11,8,13,10,13,21,24,8,9,8,9,14,17
UT57303,10,12,11,13,9,12,13,14,12,14,29,30,19,20,15,17,11,13,10,12,12,13,21,22,8,9,8,11,16,17
UT57310,12,12,8,13,9,13,12,13,12,13,30,30.2,17,26,17,18,12,12,9,10,12,12,20,21,9.3,9.3,9,11,14,15
UT57312,11,12,10,11,10,12,16,18,13,14.2,28,33.2,18,19,17,17,12,12,11,12,13,14,23,24,9.3,9.3,8,8,16,17
UT57317,11,12,12,13,9,12,12,17,13,14,29,30.2,19,20,15,15,11,11,8,11,13,14,22,23,6,9.3,8,8,14,17
UT57318,11,13,11,12,11,11,16,18,13,14,25.2,30,18,19,15,16,10,12,10,11,12,12,21,22,9.3,9.3,8,11,15,17
UT58295,10,12,11,14,10,12,12,17,14,18.2,29,31.2,18,24,14,17,9,12,11,13,10,11,20,22,6,7,8,8,15,17
UT58298,11,13,11,12,12,13,17,20,14,14,30,31.2,19,20,15,15,11,11,9,11,12,13,23,24,6,9.3,8,11,17,18
UT58299,12,13,8,8,11,11,15,15,14,15,30,31.2,17,23,16,16,11,13,9,10,14,14,21,21,7,7,11,11,17,18
UT58300,12,12,8,13,10,11,12,17,13,14,31.2,31.2,20,23,17,17,11,13,10,11,13,13,21,25,6,9.3,8,11,16,17
UT58301,11,12,11,11,10,11,14,16,13,15,28,31.2,17,23,15,16,12,13,10,11,13,15,23,25,7,9.3,8,10,16,17
UT58302,11,12,8,13,10,11,15,17,13,15,29,31.2,19,24,16,17,9,11,9,12,13,14,22,22,9,9.3,8,11,16,17
UT58303,10,11,9,12,10,11,14,18,13,15,30,30,20,23,15,18,11,11,9,9,13,13,20,24,7,9.3,8,9,14,17
UT58305,11,12,12,12,11,12,16,17,13,14,29,32.2,16,23,14,17,12,12,9,11,12,13,23,25,9.3,9.3,8,12,18,19
UT58310,11,12,12,13,11,11,12,15,12,16,29,30,20,23,15,16,12,12,8,9,12,14,25,26,6,6,8,11,16,17
UT58314,11,13,10,10,10,14,12,14,13,15,31,31.2,18,25,15,17,11,12,8,11,12,12,19,20,9.3,9.3,8,11,17,19
UT58315,11,12,11,11,12,13,12,22,12,13,31,31.2,19,22,16,16,10,12,10,11,14,15,23,25,9.3,9.3,9,9,17,19
UT58317,10,11,10,11,9,12,12,13,14,15,30,30,19,24,16,16,12,13,8,11,12,12,22,25,7,8,8,8,15,19
UT58318,10,12,11,12,10,12,16,16,13,14,30,31.2,17,20,15,16,12,12,11,12,12,13,21,22,6,9.3,8,11,16,17
UT58319,11,13,12,13,11,12,13,20,14,16,29,30,17,18,16,18,11,11,9,11,11,12,23,26,7,9.3,8,9,16,19
UT58320,11,12,10,11,12,12,15,17,13,15,29,33.2,20,23,15,15,11,13,9,9,10,13,22,25,6,6,8,11,14,16
UT58321,11,12,11,11,12,13,13,15,14,15,27,29,17,25,14,16,11,11,10,11,13,15,22,24,9.3,9.3,8,8,15,18
UT58324,12,12,11,12,9,11,12,12,13,14,29,32.2,22,25,16,18,12,12,7,10,12,13,20,23,6,6,10,11,17,18
UT58333,12,12,11,12,11,13,13,17,14,15.2,29,30,18,22,14,16,10,11,7,12,10,11,21,22,6,9.3,8,9,14,18
UT58334,12,13,13,14,11,11,18,19,12,14,29,32,17,25,17,18,11,12,10,11,12,15,22,22,6,7,8,10,14,19
UT58335,10,11,12,12,11,11,14,15,15,16,29,29,17,23,14,17,11,13,9,12,11,14,21,24,7,8,8,8,18,19
UT58336,12,14,12,13,12,13,14,18,14,16,30,32.2,17,25,14,16,13,13,11,13,11,12,22,24,9,9.3,8,9,16,17
UT58337,12,12,11,13,11,12,16,17,14,16.2,29,30,23,26,17,18,11,12,10,10,13,15,20,21,9.3,9.3,8,11,18,18
WA29566,9,12,8,12,11,13,15,17,13,15,28,29,17,24,15,16,10,10,8,11,13,15,19,20,6,7,8,11,15,17
WA29572,11,13,8,12,9,12,15,18,13,14,29,30,18,25,15,17,12,15,7,11,12,13,20,21,7,9.3,8,9,14,17
WA29583,9,11,10,11,8,12,12,15,13,14,31,31.2,18,19,16,18,12,13,8,11,12,16,20,21,6,7,8,12,16,17
WA29584,11,12,11,14,11,12,16,16,13,15,31.2,32.2,17,24,17,17,9,11,8,11,11,14,22,25,7,9.3,8,11,18,18
WA29594,11,12,11,12,11,11,12,15,14,14,30,30.2,20,22,17,18,11,12,7,11,12,13,22,25,6,9,8,8,14,14
WA29612,11,12,11,13,11,12,12,14,13,14,28,30,15,17,14,17,12,12,11,12,13,13,22,23.2,6,9.3,8,11,14,19
WT51342,10,12,11,14,12,13,13,14,13,15.2,29,31,19,22,18,18,12,13,9,12,12,14,24,25,9,9.3,9,11,18,18
WT51343,11,12,11,13,11,11,14,16,13,15,28,31.2,22,25,16,17,11,12,10,12,12,13,22,22,6,7,8,8,17,18
WT51345,11,12,11,11,10,13,13,13,12,13,29,29,23,26,15,16,11,11,8,10,13,14,20,22,7,9.3,8,8,17,19
WT51354,10,12,11,14,11,12,16,16,13,15,30,32.2,19,20,15,16,8,11,7,9,11,13,18,26,6,9.3,8,9,13,16
WT51355,10,13,11,12,12,12,15,17,13,14,30,31.2,19,22,16,18,11,11,8,10,13,13,20,24,7,9.3,10,11,14,16
WT51358,11,12,11,12,9,13,20,22,13,14,30,31,21,24,14,18,10,10,11,13,11,13,19,19,7,9.3,9,11,15,16
WT51359,12,12,13,13,11,13,13,20,14,15,27,32.2,17,24,14,15,13,13,10,12,14,16,21,24,9,9.3,11,11,15,18
WT51362,11,12,8,13,9,11,16,19,14,14,30,31,20,21,16,17,11,12,10,12,10,10,23,24,9.3,9.3,10,11,17,18
WT51373,10,12,11,12,11,13,14,17,13,14,28,28,23,24,15,18,10,11,8,11,11,14,21,22,8,9,8,11,15,17
WT51378,10,10,8,12,9,11,12,15,13,13,30,31,19,21,15,18,11,11,9,9,13,13,19,23,6,9,8,8,16,16
WT51381,12,12,8,11,9,11,12,18,14,16,30,30,18,25,15,17,12,14,10,10,10,16,22,24,6,6,8,9,15,18
WT51386,12,13,11,11,11,12,17,17,13,16,28,29,20,26,17,18,11,12,9,10,11,14,23,23,9,9.3,9,11,19,19
WT52457,11,12,11,11,12,12,12,17,14,15,29,31,19,23,15,16,11,11,10,10,16,16,20,23,6,9,8,8,16,18
WT52470,10,13,8,12,8,12,16,18,15,17,29,30,17,22,16,17,11,11,11,12,13,13,18,25,6,6,8,9,16,17
WT52471,11,11,11,12,12,12,13,17,15,15.2,27,28,21,21,14,18,11,12,9,10,13,14,19,20,6,9,9,10,16,17
WT52472,11,11,11,14,11,11,13,14,12,15,30,31.2,21,23,14,14,12,12,9,10,12,13,22,23,9,9.3,8,8,15,17
WT52474,11,12,8,13,11,11,16,18,13,13,27,30,20,20,16,17,11,12,10,12,15,15,22,22,7,9.3,9,11,18,19
WT52477,10,12,9,11,13,14,17,18,13,14,32.2,33.2,24,25,16,16,10,11,9,12,13,14,22,23,6,7,8,11,18,18
WT52480,11,12,11,12,9,9,16,16,12,14,30,31,25,25,15,18,10,12,8,10,13,13,21,21,8,9,8,10,14,19
WT52482,10,11,10,11,10,11,14,15,15,16,30,30,19,24,15,16,11,12,9,10,11,14,20,21,6,6,8,9,18,19
WT52485,10,11,9,14,9,11,14,22,14,14.2,29,29,17,19,16,18,11,12,10,11,13,14,19,21,7,9,12,13,15,19
WT52486,11,11,11,13,12,12,12,17,14,15,30,31.2,17,24,15,15,11,11,9,10,11,15,21,22,7,9.3,8,9,16,17
WT52490,10,12,8,11,11,11,12,19,13,13,28,28,18,18,17,18,10,12,8,11,14,15,22,22,6,9.3,9,9,14,14
WT52493,10,11,8,8,11,11,12,17,15,16.2,27,32.2,25,25,15,15,12,13,9,10,12,13,19,24,8,9.3,8,8,17,18
Y1,11,11,11,12,12,12,15,22,14,16,29,31.2,18,26,14,17,12,12,11,12,13,15,20,22,7,9.3,9,11,18,18
Y10,11,13,8,11,12,12,14,16,14,14,30,32.2,17,20,16,16,12,13,8,9,12,15,21,24,7,9.3,8,8,14,15
Y12,11,12,8,9,12,13,15,17,14,17,28,32.2,16,20,17,17,11,13,10,10,12,14,21,22,7,9.3,11,11,16,18
Y2,10,10,11,12,12,13,10,14,12.2,14,30,31,20,24,15,15,12,12,9,10,10,12,20,22,9,9,8,8,15,17
Y3,11,11,8,11,12,12,16,20,13,13,30,30,17,22,14,15,11,12,9,12,13,13,23,25,7,7,8,11,17,18
Y31,11,13,9,13,11,14,14,14,13,14,29,30,18,18,16,16,11,12,11,11,12,14,21,22,9.3,10,9,10,14,17
Y32,12,13,10,15,12,13,19,20,14,16,29,30,17,23,15,16,11,12,9,11,11,13,21,22,6,9.3,8,8,15,18
Y4,11,12,11,13,11,13,13,16,14,15,29,31.2,17,19,15,16,12,12,10,11,10,12,19,21,8,9,11,11,14,15
Y5,11,12,12,12,11,13,12,15,13,15,28,30,18,24,15,17,10,11,8,13,15,16,21,24,6,9.3,9,9,17,19
Y6,11,13,12,14,11,13,13,15,14,14,30,33.2,20,23,15,18,12,13,10,10,14,15,21,22,6,9.3,8,8,16,18
Y7,11,11,8,13,9,12,16,19,13,15,30,30,19,24,14,18,11,12,10,11,12,13,22,22.2,9,9.3,8,12,18,18
Y8,10,11,11,13,9,9,13,15,14,15.2,29,31.2,20,20,16,19,10,11,9,11,14,15,21,22,6,9,11,12,15,17
Y9,10,12,12,13,11,11,16,16,13,15,31.2,35,22,24,14,17,11,12,10,11,13,14,22,24,6,7,8,10,17,18
ZC08844,12,13,9,14,11,12,16,17,13,14,28,30,19,20,15,16,11,12,10,11,12,13,21,22,8,9.3,8,8,15,15
ZT81337,12,12,11,13,10,12,12,14,14,16,29,32.2,23,23,16,18,9,11,8,11,13,15,20,22,8,9,8,11,16,17
ZT81342,10,10,8,8,11,13,17,17,10,13,31,31.2,19,25,15,18,12,12,8,11,10,15,20,23,7,9,11,12,15,17
ZT81372,10,13,11,11,12,13,11,13,14,15,28,30,19,24,16,17,11,12,8,9,13,15,18,25,6,9,8,9,14,17
ZT81377,12,12,11,12,12,13,14,18,13,14,28,31,22,25,15,16,10,14,7,11,11,12,20,22,7,7,8,11,16,18
ZT81380,10,12,11,12,11,12,13,16,14,14,29,30.2,17,18,17,17,11,12,8,10,12,12,20,23,6,7,8,8,16,17
ZT81381,11,11,10,13,10,11,10,12,13,14,29,30,17,24,15,17,11,13,8,11,13,13,22,23,6,8,8,9,16,18
ZT81382,11,13,12,14,10,13,14,17,14,14.2,29,30,20,24,16,16,10,12,8,9,12,13,20,22,6,8,8,10,16,18
ZT81387,11,11,9,13,12,13,16,18,13,14,28,32.2,19,24,18,18,11,11,10,11,13,15,21,22,7,7,6,9,16,19
C01C,11,12,11,13,11,12,14,17,13,14.2,30,30.2,19,24,15,16,11,12,7,11,13,15,23,25,6,7,8,11,16,16
C02C,11,11,10,11,10,12,14,15,14,15.2,29,31.2,17,23,15,18,11,13,9,12,11,13,25,26,9.3,9.3,8,8,16,17
C03C,12,12,12,13,12,13,13,18,14,15,27,30.2,20,20,14,15,9,11,10,13,10,14,23,23,6,9.3,11,12,14,17
C04C,9,11,9,13,11,12,13,17,14,16.2,28,32.2,24,25,15,19,11,13,11,11,11,15,20,21,7,7,8,11,16,19
C05C,10,12,8,11,11,13,15,18,13,14,30,30,19,20,16,18,11,11,8,10,13,14,22.2,23,9,9.3,8,11,17,19
C06C,9,11,8,11,11,11,14,14,14,16,29,29,16,26,14,18,11,12,9,10,12,15,20,23,7,9.3,8,11,18,19
C07C,11,12,11,14,11,13,14,16,13,16,28,29,20,24,17,17,12,13,7,10,14,14,20,24,9,9.3,8,8,17,18
C08C,10,11,9,12,12,13,14,16,14,15.2,31.2,32.2,18,23,14,19,12,12,10,11,14,15,21,24,7,9.3,8,12,14,17
C09C,11,11,9,11,9,12,13,16,14,15,30,32.2,19,20,14,16,11,13,9,11,10,15,21,22,7,9.3,8,8,17,19
C100C,11,12,9,11,13,13,17,17,14,14,30,32.2,17,24,15,15,11,12,8,9,13,14,19,19,6,7,8,9,17,19
C10C,10,12,8,12,11,11,16,16,12,13,29,32.2,17,25,15,15,12,13,7,10,12,13,23,24,6,9.3,8,8,18,18
C11C,11,12,9,11,11,13,13,17,13,14.2,30,32.2,25,25,17,17,11,12,8,10,10,13,23,24,6,7,8,8,16,16
C12C,11,12,8,10,9,14,15,18,15,15,29,30,19,20,15,17,11,12,10,11,13,13,26,26,9.3,9.3,8,8,17,19
C13C,10,10,8,11,11,12,16,19,13,14,30,30,17,22,16,17,11,13,7,10,14,16,21,25,8,9.3,9,9,16,18
C14C,10,11,11,13,9,11,14,16,15.2,16,28,30,17,20,15,16,11,12,7,14,13,14,18,24,9,9,8,10,15,16
C15C,11,12,9,11,11,12,17,18,12,16,27,29,17,17,14,17,11,12,8,9,13,13,25,25,6,8,8,8,17,18
C16C,10,11,11,11,11,12,15,15,13,15,29,29,17,24,15,17,12,13,8,12,13,16,22,24,6,9.3,8,9,18,19
C17C,10,12,11,12,10,11,15,16,13,15.2,28,30,17,23,14,16,11,12,8,12,13,13,22,22,6,8,8,11,17,17
C18C,10,12,11,12,11,11,16,18,16,16,30,32,24,25,15,15,11,11,11,12,12,13,21,25,6,9.3,8,11,18,19
C19C,10,12,12,12,13,14,12,15,13,16.2,28,32.2,24,25,16,17,8,12,8,12,13,15,19,21,6,7,8,11,17,18
C20C,11,11,8,11,10,14,15,18,13,15.2,31.2,33.2,20,20,15,16,11,12,10,11,13,14,20,22,7,9.3,11,11,14,18
C21C,10,12,8,12,9,13,13,17,15,15.2,30,30,25,25,14,16,12,12,7,12,13,13,22,23,9.3,9.3,8,8,16,18
C22C,11,12,11,12,11,13,13,15,13,14,30,30,17,20,16,18,12,12,8,10,13,13,24,26,9,10,8,9,14,18
C23C,10,12,9,11,9,11,12,14,13,14,30,30,16,17,18,18,11,12,9,9,9,10,20,25,6,6,8,8,15,18
C24C,10,11,9,11,10,14,16,19,13,14,30.2,31.2,17,20,16,18,11,11,10,11,13,13,21,22,6,6,11,11,16,16
C25C,11,12,9,13,11,13,12,16,14,14,30,30,17,17,13,14,12,12,11,12,10,13,21,22,6,8,8,8,16,18
C26C,12,14,8,11,9,12,15,18,13,14,28,31,17,19,15,17,11,12,10,11,11,13,21,23,7,9,8,11,18,18
C27C,10,12,12,12,11,13,16,16,14,14,28,30,17,19,14,15,11,13,10,12,10,13,20,23,7,7,8,9,15,16
C28C,10,12,8,8,11,13,14,14,16,16,29,29,17,20,16,17,10,11,10,11,10,14,21,25,6,8,8,8,17,17
C29C,12,12,10,11,9,11,12,17,12,15.2,29,29,17,20,14,15,11,13,8,10,13,14,19,23,6,9,8,11,17,18
C30C,11,12,11,12,12,13,15,16,15,15,28,32.2,24,25,16,18,12,12,7,8,14,14,23,23,9.3,9.3,8,11,17,17
C31C,10,11,9,13,12,12,15,16,13,15,30,31.2,19,25,15,17,10,12,12,14,12,13,20,21.2,6,9.3,8,11,17,18
C32C,11,11,12,13,12,13,14,17,13,14,30,31.2,16,17,15,15,12,12,11,11,11,12,22,22,6,8,8,8,17,17
C33C,12,13,8,11,12,13,12,12,13,14.2,30,31.2,22,24,17,19,12,12,7,11,14,14,21,21,7,8,8,11,17,18
C34C,12,14,12,12,11,13,16,18,16,16.2,29,30,17,20,14,15,12,13,9,14,13,13,24,24,6,9.3,8,11,14,17
C35C,9,12,11,12,8,13,15,16,11,13,28,31,19,26,14,14,12,12,9,10,12,13,22,22.2,8,8,8,11,16,17
C36C,12,12,11,12,11,13,12,15,14,14,29,29,19,23,14,18,11,11,8,13,11,13,22,24,6,9.3,8,8,16,17
C37C,12,12,11,14,11,12,12,12,13,15,28,29,17,20,14,15,12,13,11,12,8,12,23,25,6,8,8,11,15,18
C38C,10,11,12,13,11,11,13,17,13,14,30,31,18,19,15,18,11,12,9,10,10,10,24,25,8,9.3,9,10,15,17
C39C,10,11,10,14,9,11,13,17,14,14.2,28,30,16,22,15,18,11,12,10,13,12,13,20,24,9,9.3,11,11,17,17
C40C,12,12,8,12,11,12,13,19,14,15,31.2,33.2,17,18,16,16,9,11,8,12,10,13,20,22,8,9.3,8,10,14,18
C41C,11,12,11,12,10,11,12,21,12,14,29,30,19,26,15,16,11,12,10,10,14,15,20,22,9.3,9.3,8,11,17,17
C42C,10,12,13,13,12,13,13,14,14,15,28,31.2,16,23,15,17,11,12,11,12,10,13,21,24,9.3,9.3,8,8,15,16
C43C,11,11,8,11,9,10,15,18,13,13.2,28,30.2,20,20,16,17,12,12,10,12,13,13,21,23,6,9,10,11,16,17
C44C,11,13,11,13,11,11,12,12,14,15.2,28,30,19,23,18,18,11,12,9,11,12,15,23,24,6,9.3,11,11,18,18
C45C,12,12,11,11,11,13,12,16,14,16.2,30,30,16,23,15,17,11,12,10,11,8,12,20,22,6,9,8,8,17,17
C46C,11,12,11,14,9,13,15,15,13,14,28,31,18,20,16,16,12,13,9,9,13,14,19,20,7,7,8,12,17,19
C47C,10,12,11,13,11,12,13,17,13.2,15,30,30,19,19,15,17,10,10,11,11,10,13,21,22,8,9,11,12,16,16
C48C,10,13,11,12,11,11,12,16,13,13,29,30.2,19,20,15,16,12,14,12,12,14,14,20,26,6,9,11,11,17,19
C49C,10,12,11,11,11,13,14,15,13,14,30,31.2,16,23,18,18,13,13,11,12,13,14,19,21,8,9.3,8,11,15,17
C50C,11,11,12,12,12,13,15,15,15,15.2,30,31,17,25,16,16,11,12,8,8,12,15,21,26,6,10,8,11,15,20
C51C,12,13,12,12,12,13,13,17,14,15.2,29,32.2,17,21,16,17,12,12,10,11,13,14,18,20,6,9.3,11,11,15,15
C52C,11,12,11,11,12,14,13,14,12,12,28,31.2,17,19,15,16,11,12,9,10,9,13,24,24,6,7,8,11,14,19
C53C,10,11,8,12,9,10,12,16,14,14.2,28,28,25,25,17,18,10,12,10,10,13,15,21,21,6,7,9,11,18,18
C54C,10,12,8,12,9,12,14,15,13,14,30,31.2,23,25,15,16,11,11,10,11,10,14,19,20,6,9,8,11,16,19
C55C,10,11,12,13,9,10,12,15,14,14,28,29,16,18,16,17,11,13,10,11,11,13,22,22,9.3,9.3,8,10,16,16
C56C,11,11,12,13,12,13,17,19,13,14,29,29,24,24,16,17,12,13,8,11,13,13,22,24,6,7,8,11,16,19
C57C,10,12,9,11,11,12,14,14,13,16,30,31,20,24,17,18,12,13,8,10,12,12,23,23,7,9.3,8,9,15,19
C58C,11,12,12,12,10,13,13,15,15,16,29,31.2,20,23,15,18,11,12,10,12,12,14,21,22,9,9.3,11,12,16,20
C59C,11,11,11,12,11,12,13,21,14,14,30,32.2,19,20,15,16,11,11,11,12,12,14,21,25,6,8,8,8,17,17
C60C,11,11,8,8,11,12,14,21,14,15,28,29,16,19,16,18,11,12,9,9,13,14,22,25,7,8,12,12,17,17
C61C,12,13,11,12,9,11,13,15,13,14,29,30,19,24,15,16,11,13,8,10,12,13,22,24,7,9.3,8,8,14,16
C62C,10,12,11,12,12,12,14,14,14,15,29,30,20,23,14,16,11,11,11,11,10,15,21,25,6,9.3,8,9,16,16
C63C,12,12,12,12,9,12,15,17,13,15,31,31.2,17,20,15,17,11,11,10,11,12,16,23,23,7,9,9,11,14,19
C64C,10,12,11,12,11,13,16,17,13,15.2,29,29,24,24,14,15,11,13,8,12,12,13,21,23,6,9,8,9,15,17
C65C,10,13,12,13,12,13,10,12,14,15,28,30,23,25,17,18,11,12,10,10,12,13,21,24,6,6,8,8,17,19
C66C,10,10,12,12,10,12,15,17,14,16,28,30,18,25,18,18,11,12,9,10,14,15,20,25,7,9,8,11,17,19
C67C,10,12,11,11,12,13,14,17,14,15,30,30,18,24,15,17,12,12,11,12,15,15,24,25,6,9,8,11,17,18
C68C,10,13,8,12,9,11,15,17,15,15,29,32.2,23,24,15,17,11,14,9,10,14,15,19,20,8,9,8,9,18,18
C69C,11,12,11,12,13,14,15,18,14.2,15,32.2,32.2,17,23,14,15,11,13,9,10,8,13,21,22,9.3,9.3,8,10,14,18
C70C,11,11,11,12,10,11,16,18,13,14,28,29,18,20,15,16,11,12,8,9,13,13,20,23,7,7,11,11,16,18
C71C,12,12,11,11,11,11,17,17,13,15,28,31.2,22,24,15,15,12,13,9,12,13,16,19,23,6,7,8,8,12,18
C72C,10,11,11,12,11,12,13,14,14,15.2,29,29,19,19,15,17,9,13,11,13,12,13,21,22,9.3,9.3,8,11,14,15
C73C,10,12,8,12,11,13,16.2,18,13,15,28,31.2,20,25,14,17,11,13,9,10,11,14,21,22,9,9.3,8,11,17,18
C74C,11,12,11,13,11,14,13,13,14,14,32.2,32.2,20,24,15,15,11,12,9,13,11,14,22,23,6,9.3,11,11,16,19
C75C,8,11,10,11,11,13,15,17,13,14,28,30,18,25,14,17,11,12,10,11,13,14,23,24,6,9,8,11,15,18
C76C,10,11,12,14,12,13,16,17,13,14,29,30,19,22,17,17,10,10,8,10,14,14,18,19,7,8,8,9,16,16
C77C,10,10,8,12,9,13,12,17,12,13,28,30,20,20,17,17,11,12,10,13,13,15,20,23,7,9,8,8,14,16
C78C,10,12,11,12,11,12,15,17,13,14,28,32.2,18,23,17,17,12,12,10,12,12,14,21,23,6,8,8,10,16,17
C79C,10,11,12,12,11,12,15,18,14,16,28,28,17,24,17,18,9,12,10,11,13,15,21,22,6,7,8,8,16,18
C80C,12,12,8,12,13,13,14,17,13,14,30,30,16,17,15,15,13,13,10,11,12,13,23,23,9.3,9.3,9,9,15,18
C81C,10,10,8,11,11,13,16,17,11,13,28,33.2,17,24,15,16,10,13,7,10,13,14,22,24,7,9.3,8,9,14,17
C82C,12,12,9,11,12,13,15,17,13,13,29,30,17,17,14,15,11,12,10,12,12,13,22,23,6,7,9,10,17,19
C83C,11,12,11,12,11,12,17,19,14,16,31,31.2,20,26,15,15,10,11,8,11,12,14,21,25,7,9,8,11,17,17
C84C,10,11,11,12,12,12,14,16,14,15,30,30,16,19,17,18,8,12,11,12,10,16,21,21,7,8,8,8,16,16
C85C,11,12,12,13,11,11,12,16,14,14.2,30,31.2,17,21,17,17,12,12,10,12,10,12,22,23,8,9.3,9,9,16,18
C86C,11,12,11,12,9,13,12,19,14,15,29,30,20,24,16,17,11,11,8,11,10,14,25,25,8,9.3,8,9,18,19
C87C,9,10,8,9,12,13,13,17,14,14,30,31.2,17,21,16,16,11,13,11,12,14,15,22,23,6,9.3,8,11,17,19
C88C,12,12,10,12,11,12,13,16,13,14,30,32.2,23,23,16,19,10,12,8,10,15,16,22,26,8,9,8,8,15,17
C89C,10,11,11,13,11,12,12,13,12,17,28,29,17,20,18,19,11,11,8,12,13,13,20,21,7,8,10,11,16,18
C90C,11,11,11,12,8,10,14,16,14,14,29,32.2,25,25,15,15,12,12,9,11,11,13,23,24,9.3,9.3,8,8,16,16
C91C,11,12,12,12,11,12,16,16,13,13,31.2,32.2,17,26,18,18,7,11,8,10,13,16,23,24,8,9.3,8,11,16,17
C92C,10,11,8,13,10,12,14,17,14,15,31,31.2,17,20,15,18,10,13,9,11,10,13,20,23,9,9.3,8,8,14,17
C93C,10,12,8,12,11,12,16,18,15,16,28,31,18,20,14,17,10,12,7,10,13,14,20,25,6,8,8,9,17,18
C94C,10,12,8,10,12,13,14,19,13,15,27,28,17,20,16,16,11,11,8,12,13,14,21,21,8,9.3,9,11,16,17
C95C,12,13,8,13,9,12,17,19,15,15,29,33.2,19,21,14,16,9,11,10,12,13,13,23,27,6,7,9,9,18,18
C96C,10,13,11,13,11,12,13,13,14,15,30,30.2,17,17,15,15,12,13,8,12,12,12,22,22,6,9.3,9,11,17,17
C97C,11,12,8,9,11,11,15,18,14,14,29,29,19,23,15,17,11,12,10,11,10,11,24,26,9,9.3,9,11,14,17
C98C,10,11,9,12,9,12,15,15,14,15,29,36,17,21,16,18,11,12,9,12,11,15,23,26,6,7,8,12,18,18
C99C,11,12,12,12,12,12,15,17,13,14,28,30,19,20,17,18,11,12,8,13,12,17,20,21,6,7,8,11,16,20
